{
    "questions": [
        {
            "id": 1,
            "question": "Which protocol is used for secure web browsing?",
            "options": {
                "A": "HTTP",
                "B": "HTTPS",
                "C": "FTP",
                "D": "SMTP"
            },
            "correct_answer": "B",
            "prize": 1000
        },
        {
            "id": 2,
            "question": "What is the default port number for HTTP?",
            "options": {
                "A": "80",
                "B": "443",
                "C": "8080",
                "D": "21"
            },
            "correct_answer": "A",
            "prize": 2000
        },
        {
            "id": 3,
            "question": "Which layer of the OSI model handles routing?",
            "options": {
                "A": "Data Link Layer",
                "B": "Physical Layer",
                "C": "Network Layer",
                "D": "Transport Layer"
            },
            "correct_answer": "C",
            "prize": 5000
        },
        {
            "id": 4,
            "question": "What is the primary purpose of DNS?",
            "options": {
                "A": "Data Encryption",
                "B": "Domain Name to IP Resolution",
                "C": "Network Security",
                "D": "Traffic Routing"
            },
            "correct_answer": "B",
            "prize": 10000
        },
        {
            "id": 5,
            "question": "Which protocol provides reliable data delivery in TCP/IP?",
            "options": {
                "A": "UDP",
                "B": "IP",
                "C": "ICMP",
                "D": "TCP"
            },
            "correct_answer": "D",
            "prize": 20000
        }
    ]
} 